id|firstName|lastName|gender|birthday|creationDate|locationIP|browserUsed
0|First0|Last0|male|-370828800000|1701648000000|10.0.0.229|Chrome
1|First1|Last1|female|-414115200000|1696896000000|10.0.1.135|Firefox
2|First2|Last2|male|-148176000000|1693699200000|10.0.2.235|Safari
3|First3|Last3|female|-410054400000|1689638400000|10.0.3.253|Chrome
4|First4|Last4|male|-435456000000|1702771200000|10.0.4.200|Firefox
5|First5|Last5|female|-68256000000|1690675200000|10.0.5.203|Safari
6|First6|Last6|male|-409795200000|1689552000000|10.0.6.195|Chrome
7|First7|Last7|female|-310867200000|1678492800000|10.0.7.82|Firefox
8|First8|Last8|male|-361324800000|1677888000000|10.0.8.29|Safari
9|First9|Last9|female|-375667200000|1687651200000|10.0.9.133|Chrome
10|First10|Last10|male|-387676800000|1694131200000|10.0.10.219|Firefox
11|First11|Last11|female|-100915200000|1696550400000|10.0.11.198|Safari
12|First12|Last12|male|-189993600000|1693180800000|10.0.12.249|Chrome
13|First13|Last13|female|-68860800000|1688342400000|10.0.13.116|Firefox
14|First14|Last14|male|-90288000000|1692489600000|10.0.14.209|Safari
15|First15|Last15|female|-386208000000|1683763200000|10.0.15.232|Chrome
16|First16|Last16|male|-294451200000|1700524800000|10.0.16.69|Firefox
17|First17|Last17|female|-356918400000|1681171200000|10.0.17.211|Safari
18|First18|Last18|male|-160963200000|1704067200000|10.0.18.185|Chrome
19|First19|Last19|female|-29635200000|1688860800000|10.0.19.157|Firefox
20|First20|Last20|male|-257558400000|1680480000000|10.0.20.87|Safari
21|First21|Last21|female|-79920000000|1692835200000|10.0.21.255|Chrome
22|First22|Last22|male|-226800000000|1694217600000|10.0.22.27|Firefox
23|First23|Last23|female|-396489600000|1688947200000|10.0.23.112|Safari
24|First24|Last24|male|-325641600000|1685664000000|10.0.24.231|Chrome
25|First25|Last25|female|-242611200000|1692921600000|10.0.25.192|Firefox
26|First26|Last26|male|-324691200000|1683676800000|10.0.26.218|Safari
27|First27|Last27|female|-43804800000|1700611200000|10.0.27.240|Chrome
28|First28|Last28|male|-62294400000|1685836800000|10.0.28.17|Firefox
29|First29|Last29|female|-434592000000|1695427200000|10.0.29.203|Safari
